experiment,platform,sample_index,sample_case,case,segment_index,script,start_datetime,start_date,start_seconds,stop_option,stop_n,spinup_hours,keep_hours,keep_start_datetime,keep_end_datetime
ARM97_qmc,mac,0,run_e3sm_scm_ARM97_qmc64_0706_000,run_e3sm_scm_ARM97_qmc64_0706_000,,cases/run_e3sm_scm_ARM97_qmc64_0706/scripts/run_e3sm_scm_ARM97_qmc64_0706_000.csh,1997-06-19 23:29:45,1997-06-19,84585,ndays,26,,,1997-06-19 23:29:45,1997-07-15 23:29:45
ARM97_qmc,mac,1,run_e3sm_scm_ARM97_qmc64_0706_001,run_e3sm_scm_ARM97_qmc64_0706_001,,cases/run_e3sm_scm_ARM97_qmc64_0706/scripts/run_e3sm_scm_ARM97_qmc64_0706_001.csh,1997-06-19 23:29:45,1997-06-19,84585,ndays,26,,,1997-06-19 23:29:45,1997-07-15 23:29:45
ARM97_qmc,mac,2,run_e3sm_scm_ARM97_qmc64_0706_002,run_e3sm_scm_ARM97_qmc64_0706_002,,cases/run_e3sm_scm_ARM97_qmc64_0706/scripts/run_e3sm_scm_ARM97_qmc64_0706_002.csh,1997-06-19 23:29:45,1997-06-19,84585,ndays,26,,,1997-06-19 23:29:45,1997-07-15 23:29:45
ARM97_qmc,mac,3,run_e3sm_scm_ARM97_qmc64_0706_003,run_e3sm_scm_ARM97_qmc64_0706_003,,cases/run_e3sm_scm_ARM97_qmc64_0706/scripts/run_e3sm_scm_ARM97_qmc64_0706_003.csh,1997-06-19 23:29:45,1997-06-19,84585,ndays,26,,,1997-06-19 23:29:45,1997-07-15 23:29:45
ARM97_qmc,mac,4,run_e3sm_scm_ARM97_qmc64_0706_004,run_e3sm_scm_ARM97_qmc64_0706_004,,cases/run_e3sm_scm_ARM97_qmc64_0706/scripts/run_e3sm_scm_ARM97_qmc64_0706_004.csh,1997-06-19 23:29:45,1997-06-19,84585,ndays,26,,,1997-06-19 23:29:45,1997-07-15 23:29:45
ARM97_qmc,mac,5,run_e3sm_scm_ARM97_qmc64_0706_005,run_e3sm_scm_ARM97_qmc64_0706_005,,cases/run_e3sm_scm_ARM97_qmc64_0706/scripts/run_e3sm_scm_ARM97_qmc64_0706_005.csh,1997-06-19 23:29:45,1997-06-19,84585,ndays,26,,,1997-06-19 23:29:45,1997-07-15 23:29:45
ARM97_qmc,mac,6,run_e3sm_scm_ARM97_qmc64_0706_006,run_e3sm_scm_ARM97_qmc64_0706_006,,cases/run_e3sm_scm_ARM97_qmc64_0706/scripts/run_e3sm_scm_ARM97_qmc64_0706_006.csh,1997-06-19 23:29:45,1997-06-19,84585,ndays,26,,,1997-06-19 23:29:45,1997-07-15 23:29:45
ARM97_qmc,mac,7,run_e3sm_scm_ARM97_qmc64_0706_007,run_e3sm_scm_ARM97_qmc64_0706_007,,cases/run_e3sm_scm_ARM97_qmc64_0706/scripts/run_e3sm_scm_ARM97_qmc64_0706_007.csh,1997-06-19 23:29:45,1997-06-19,84585,ndays,26,,,1997-06-19 23:29:45,1997-07-15 23:29:45
ARM97_qmc,mac,8,run_e3sm_scm_ARM97_qmc64_0706_008,run_e3sm_scm_ARM97_qmc64_0706_008,,cases/run_e3sm_scm_ARM97_qmc64_0706/scripts/run_e3sm_scm_ARM97_qmc64_0706_008.csh,1997-06-19 23:29:45,1997-06-19,84585,ndays,26,,,1997-06-19 23:29:45,1997-07-15 23:29:45
ARM97_qmc,mac,9,run_e3sm_scm_ARM97_qmc64_0706_009,run_e3sm_scm_ARM97_qmc64_0706_009,,cases/run_e3sm_scm_ARM97_qmc64_0706/scripts/run_e3sm_scm_ARM97_qmc64_0706_009.csh,1997-06-19 23:29:45,1997-06-19,84585,ndays,26,,,1997-06-19 23:29:45,1997-07-15 23:29:45
ARM97_qmc,mac,10,run_e3sm_scm_ARM97_qmc64_0706_010,run_e3sm_scm_ARM97_qmc64_0706_010,,cases/run_e3sm_scm_ARM97_qmc64_0706/scripts/run_e3sm_scm_ARM97_qmc64_0706_010.csh,1997-06-19 23:29:45,1997-06-19,84585,ndays,26,,,1997-06-19 23:29:45,1997-07-15 23:29:45
ARM97_qmc,mac,11,run_e3sm_scm_ARM97_qmc64_0706_011,run_e3sm_scm_ARM97_qmc64_0706_011,,cases/run_e3sm_scm_ARM97_qmc64_0706/scripts/run_e3sm_scm_ARM97_qmc64_0706_011.csh,1997-06-19 23:29:45,1997-06-19,84585,ndays,26,,,1997-06-19 23:29:45,1997-07-15 23:29:45
ARM97_qmc,mac,12,run_e3sm_scm_ARM97_qmc64_0706_012,run_e3sm_scm_ARM97_qmc64_0706_012,,cases/run_e3sm_scm_ARM97_qmc64_0706/scripts/run_e3sm_scm_ARM97_qmc64_0706_012.csh,1997-06-19 23:29:45,1997-06-19,84585,ndays,26,,,1997-06-19 23:29:45,1997-07-15 23:29:45
ARM97_qmc,mac,13,run_e3sm_scm_ARM97_qmc64_0706_013,run_e3sm_scm_ARM97_qmc64_0706_013,,cases/run_e3sm_scm_ARM97_qmc64_0706/scripts/run_e3sm_scm_ARM97_qmc64_0706_013.csh,1997-06-19 23:29:45,1997-06-19,84585,ndays,26,,,1997-06-19 23:29:45,1997-07-15 23:29:45
ARM97_qmc,mac,14,run_e3sm_scm_ARM97_qmc64_0706_014,run_e3sm_scm_ARM97_qmc64_0706_014,,cases/run_e3sm_scm_ARM97_qmc64_0706/scripts/run_e3sm_scm_ARM97_qmc64_0706_014.csh,1997-06-19 23:29:45,1997-06-19,84585,ndays,26,,,1997-06-19 23:29:45,1997-07-15 23:29:45
ARM97_qmc,mac,15,run_e3sm_scm_ARM97_qmc64_0706_015,run_e3sm_scm_ARM97_qmc64_0706_015,,cases/run_e3sm_scm_ARM97_qmc64_0706/scripts/run_e3sm_scm_ARM97_qmc64_0706_015.csh,1997-06-19 23:29:45,1997-06-19,84585,ndays,26,,,1997-06-19 23:29:45,1997-07-15 23:29:45
ARM97_qmc,mac,16,run_e3sm_scm_ARM97_qmc64_0706_016,run_e3sm_scm_ARM97_qmc64_0706_016,,cases/run_e3sm_scm_ARM97_qmc64_0706/scripts/run_e3sm_scm_ARM97_qmc64_0706_016.csh,1997-06-19 23:29:45,1997-06-19,84585,ndays,26,,,1997-06-19 23:29:45,1997-07-15 23:29:45
ARM97_qmc,mac,17,run_e3sm_scm_ARM97_qmc64_0706_017,run_e3sm_scm_ARM97_qmc64_0706_017,,cases/run_e3sm_scm_ARM97_qmc64_0706/scripts/run_e3sm_scm_ARM97_qmc64_0706_017.csh,1997-06-19 23:29:45,1997-06-19,84585,ndays,26,,,1997-06-19 23:29:45,1997-07-15 23:29:45
ARM97_qmc,mac,18,run_e3sm_scm_ARM97_qmc64_0706_018,run_e3sm_scm_ARM97_qmc64_0706_018,,cases/run_e3sm_scm_ARM97_qmc64_0706/scripts/run_e3sm_scm_ARM97_qmc64_0706_018.csh,1997-06-19 23:29:45,1997-06-19,84585,ndays,26,,,1997-06-19 23:29:45,1997-07-15 23:29:45
ARM97_qmc,mac,19,run_e3sm_scm_ARM97_qmc64_0706_019,run_e3sm_scm_ARM97_qmc64_0706_019,,cases/run_e3sm_scm_ARM97_qmc64_0706/scripts/run_e3sm_scm_ARM97_qmc64_0706_019.csh,1997-06-19 23:29:45,1997-06-19,84585,ndays,26,,,1997-06-19 23:29:45,1997-07-15 23:29:45
ARM97_qmc,mac,20,run_e3sm_scm_ARM97_qmc64_0706_020,run_e3sm_scm_ARM97_qmc64_0706_020,,cases/run_e3sm_scm_ARM97_qmc64_0706/scripts/run_e3sm_scm_ARM97_qmc64_0706_020.csh,1997-06-19 23:29:45,1997-06-19,84585,ndays,26,,,1997-06-19 23:29:45,1997-07-15 23:29:45
ARM97_qmc,mac,21,run_e3sm_scm_ARM97_qmc64_0706_021,run_e3sm_scm_ARM97_qmc64_0706_021,,cases/run_e3sm_scm_ARM97_qmc64_0706/scripts/run_e3sm_scm_ARM97_qmc64_0706_021.csh,1997-06-19 23:29:45,1997-06-19,84585,ndays,26,,,1997-06-19 23:29:45,1997-07-15 23:29:45
ARM97_qmc,mac,22,run_e3sm_scm_ARM97_qmc64_0706_022,run_e3sm_scm_ARM97_qmc64_0706_022,,cases/run_e3sm_scm_ARM97_qmc64_0706/scripts/run_e3sm_scm_ARM97_qmc64_0706_022.csh,1997-06-19 23:29:45,1997-06-19,84585,ndays,26,,,1997-06-19 23:29:45,1997-07-15 23:29:45
ARM97_qmc,mac,23,run_e3sm_scm_ARM97_qmc64_0706_023,run_e3sm_scm_ARM97_qmc64_0706_023,,cases/run_e3sm_scm_ARM97_qmc64_0706/scripts/run_e3sm_scm_ARM97_qmc64_0706_023.csh,1997-06-19 23:29:45,1997-06-19,84585,ndays,26,,,1997-06-19 23:29:45,1997-07-15 23:29:45
ARM97_qmc,mac,24,run_e3sm_scm_ARM97_qmc64_0706_024,run_e3sm_scm_ARM97_qmc64_0706_024,,cases/run_e3sm_scm_ARM97_qmc64_0706/scripts/run_e3sm_scm_ARM97_qmc64_0706_024.csh,1997-06-19 23:29:45,1997-06-19,84585,ndays,26,,,1997-06-19 23:29:45,1997-07-15 23:29:45
ARM97_qmc,mac,25,run_e3sm_scm_ARM97_qmc64_0706_025,run_e3sm_scm_ARM97_qmc64_0706_025,,cases/run_e3sm_scm_ARM97_qmc64_0706/scripts/run_e3sm_scm_ARM97_qmc64_0706_025.csh,1997-06-19 23:29:45,1997-06-19,84585,ndays,26,,,1997-06-19 23:29:45,1997-07-15 23:29:45
ARM97_qmc,mac,26,run_e3sm_scm_ARM97_qmc64_0706_026,run_e3sm_scm_ARM97_qmc64_0706_026,,cases/run_e3sm_scm_ARM97_qmc64_0706/scripts/run_e3sm_scm_ARM97_qmc64_0706_026.csh,1997-06-19 23:29:45,1997-06-19,84585,ndays,26,,,1997-06-19 23:29:45,1997-07-15 23:29:45
ARM97_qmc,mac,27,run_e3sm_scm_ARM97_qmc64_0706_027,run_e3sm_scm_ARM97_qmc64_0706_027,,cases/run_e3sm_scm_ARM97_qmc64_0706/scripts/run_e3sm_scm_ARM97_qmc64_0706_027.csh,1997-06-19 23:29:45,1997-06-19,84585,ndays,26,,,1997-06-19 23:29:45,1997-07-15 23:29:45
ARM97_qmc,mac,28,run_e3sm_scm_ARM97_qmc64_0706_028,run_e3sm_scm_ARM97_qmc64_0706_028,,cases/run_e3sm_scm_ARM97_qmc64_0706/scripts/run_e3sm_scm_ARM97_qmc64_0706_028.csh,1997-06-19 23:29:45,1997-06-19,84585,ndays,26,,,1997-06-19 23:29:45,1997-07-15 23:29:45
ARM97_qmc,mac,29,run_e3sm_scm_ARM97_qmc64_0706_029,run_e3sm_scm_ARM97_qmc64_0706_029,,cases/run_e3sm_scm_ARM97_qmc64_0706/scripts/run_e3sm_scm_ARM97_qmc64_0706_029.csh,1997-06-19 23:29:45,1997-06-19,84585,ndays,26,,,1997-06-19 23:29:45,1997-07-15 23:29:45
ARM97_qmc,mac,30,run_e3sm_scm_ARM97_qmc64_0706_030,run_e3sm_scm_ARM97_qmc64_0706_030,,cases/run_e3sm_scm_ARM97_qmc64_0706/scripts/run_e3sm_scm_ARM97_qmc64_0706_030.csh,1997-06-19 23:29:45,1997-06-19,84585,ndays,26,,,1997-06-19 23:29:45,1997-07-15 23:29:45
ARM97_qmc,mac,31,run_e3sm_scm_ARM97_qmc64_0706_031,run_e3sm_scm_ARM97_qmc64_0706_031,,cases/run_e3sm_scm_ARM97_qmc64_0706/scripts/run_e3sm_scm_ARM97_qmc64_0706_031.csh,1997-06-19 23:29:45,1997-06-19,84585,ndays,26,,,1997-06-19 23:29:45,1997-07-15 23:29:45
ARM97_qmc,mac,32,run_e3sm_scm_ARM97_qmc64_0706_032,run_e3sm_scm_ARM97_qmc64_0706_032,,cases/run_e3sm_scm_ARM97_qmc64_0706/scripts/run_e3sm_scm_ARM97_qmc64_0706_032.csh,1997-06-19 23:29:45,1997-06-19,84585,ndays,26,,,1997-06-19 23:29:45,1997-07-15 23:29:45
ARM97_qmc,mac,33,run_e3sm_scm_ARM97_qmc64_0706_033,run_e3sm_scm_ARM97_qmc64_0706_033,,cases/run_e3sm_scm_ARM97_qmc64_0706/scripts/run_e3sm_scm_ARM97_qmc64_0706_033.csh,1997-06-19 23:29:45,1997-06-19,84585,ndays,26,,,1997-06-19 23:29:45,1997-07-15 23:29:45
ARM97_qmc,mac,34,run_e3sm_scm_ARM97_qmc64_0706_034,run_e3sm_scm_ARM97_qmc64_0706_034,,cases/run_e3sm_scm_ARM97_qmc64_0706/scripts/run_e3sm_scm_ARM97_qmc64_0706_034.csh,1997-06-19 23:29:45,1997-06-19,84585,ndays,26,,,1997-06-19 23:29:45,1997-07-15 23:29:45
ARM97_qmc,mac,35,run_e3sm_scm_ARM97_qmc64_0706_035,run_e3sm_scm_ARM97_qmc64_0706_035,,cases/run_e3sm_scm_ARM97_qmc64_0706/scripts/run_e3sm_scm_ARM97_qmc64_0706_035.csh,1997-06-19 23:29:45,1997-06-19,84585,ndays,26,,,1997-06-19 23:29:45,1997-07-15 23:29:45
ARM97_qmc,mac,36,run_e3sm_scm_ARM97_qmc64_0706_036,run_e3sm_scm_ARM97_qmc64_0706_036,,cases/run_e3sm_scm_ARM97_qmc64_0706/scripts/run_e3sm_scm_ARM97_qmc64_0706_036.csh,1997-06-19 23:29:45,1997-06-19,84585,ndays,26,,,1997-06-19 23:29:45,1997-07-15 23:29:45
ARM97_qmc,mac,37,run_e3sm_scm_ARM97_qmc64_0706_037,run_e3sm_scm_ARM97_qmc64_0706_037,,cases/run_e3sm_scm_ARM97_qmc64_0706/scripts/run_e3sm_scm_ARM97_qmc64_0706_037.csh,1997-06-19 23:29:45,1997-06-19,84585,ndays,26,,,1997-06-19 23:29:45,1997-07-15 23:29:45
ARM97_qmc,mac,38,run_e3sm_scm_ARM97_qmc64_0706_038,run_e3sm_scm_ARM97_qmc64_0706_038,,cases/run_e3sm_scm_ARM97_qmc64_0706/scripts/run_e3sm_scm_ARM97_qmc64_0706_038.csh,1997-06-19 23:29:45,1997-06-19,84585,ndays,26,,,1997-06-19 23:29:45,1997-07-15 23:29:45
ARM97_qmc,mac,39,run_e3sm_scm_ARM97_qmc64_0706_039,run_e3sm_scm_ARM97_qmc64_0706_039,,cases/run_e3sm_scm_ARM97_qmc64_0706/scripts/run_e3sm_scm_ARM97_qmc64_0706_039.csh,1997-06-19 23:29:45,1997-06-19,84585,ndays,26,,,1997-06-19 23:29:45,1997-07-15 23:29:45
ARM97_qmc,mac,40,run_e3sm_scm_ARM97_qmc64_0706_040,run_e3sm_scm_ARM97_qmc64_0706_040,,cases/run_e3sm_scm_ARM97_qmc64_0706/scripts/run_e3sm_scm_ARM97_qmc64_0706_040.csh,1997-06-19 23:29:45,1997-06-19,84585,ndays,26,,,1997-06-19 23:29:45,1997-07-15 23:29:45
ARM97_qmc,mac,41,run_e3sm_scm_ARM97_qmc64_0706_041,run_e3sm_scm_ARM97_qmc64_0706_041,,cases/run_e3sm_scm_ARM97_qmc64_0706/scripts/run_e3sm_scm_ARM97_qmc64_0706_041.csh,1997-06-19 23:29:45,1997-06-19,84585,ndays,26,,,1997-06-19 23:29:45,1997-07-15 23:29:45
ARM97_qmc,mac,42,run_e3sm_scm_ARM97_qmc64_0706_042,run_e3sm_scm_ARM97_qmc64_0706_042,,cases/run_e3sm_scm_ARM97_qmc64_0706/scripts/run_e3sm_scm_ARM97_qmc64_0706_042.csh,1997-06-19 23:29:45,1997-06-19,84585,ndays,26,,,1997-06-19 23:29:45,1997-07-15 23:29:45
ARM97_qmc,mac,43,run_e3sm_scm_ARM97_qmc64_0706_043,run_e3sm_scm_ARM97_qmc64_0706_043,,cases/run_e3sm_scm_ARM97_qmc64_0706/scripts/run_e3sm_scm_ARM97_qmc64_0706_043.csh,1997-06-19 23:29:45,1997-06-19,84585,ndays,26,,,1997-06-19 23:29:45,1997-07-15 23:29:45
ARM97_qmc,mac,44,run_e3sm_scm_ARM97_qmc64_0706_044,run_e3sm_scm_ARM97_qmc64_0706_044,,cases/run_e3sm_scm_ARM97_qmc64_0706/scripts/run_e3sm_scm_ARM97_qmc64_0706_044.csh,1997-06-19 23:29:45,1997-06-19,84585,ndays,26,,,1997-06-19 23:29:45,1997-07-15 23:29:45
ARM97_qmc,mac,45,run_e3sm_scm_ARM97_qmc64_0706_045,run_e3sm_scm_ARM97_qmc64_0706_045,,cases/run_e3sm_scm_ARM97_qmc64_0706/scripts/run_e3sm_scm_ARM97_qmc64_0706_045.csh,1997-06-19 23:29:45,1997-06-19,84585,ndays,26,,,1997-06-19 23:29:45,1997-07-15 23:29:45
ARM97_qmc,mac,46,run_e3sm_scm_ARM97_qmc64_0706_046,run_e3sm_scm_ARM97_qmc64_0706_046,,cases/run_e3sm_scm_ARM97_qmc64_0706/scripts/run_e3sm_scm_ARM97_qmc64_0706_046.csh,1997-06-19 23:29:45,1997-06-19,84585,ndays,26,,,1997-06-19 23:29:45,1997-07-15 23:29:45
ARM97_qmc,mac,47,run_e3sm_scm_ARM97_qmc64_0706_047,run_e3sm_scm_ARM97_qmc64_0706_047,,cases/run_e3sm_scm_ARM97_qmc64_0706/scripts/run_e3sm_scm_ARM97_qmc64_0706_047.csh,1997-06-19 23:29:45,1997-06-19,84585,ndays,26,,,1997-06-19 23:29:45,1997-07-15 23:29:45
ARM97_qmc,mac,48,run_e3sm_scm_ARM97_qmc64_0706_048,run_e3sm_scm_ARM97_qmc64_0706_048,,cases/run_e3sm_scm_ARM97_qmc64_0706/scripts/run_e3sm_scm_ARM97_qmc64_0706_048.csh,1997-06-19 23:29:45,1997-06-19,84585,ndays,26,,,1997-06-19 23:29:45,1997-07-15 23:29:45
ARM97_qmc,mac,49,run_e3sm_scm_ARM97_qmc64_0706_049,run_e3sm_scm_ARM97_qmc64_0706_049,,cases/run_e3sm_scm_ARM97_qmc64_0706/scripts/run_e3sm_scm_ARM97_qmc64_0706_049.csh,1997-06-19 23:29:45,1997-06-19,84585,ndays,26,,,1997-06-19 23:29:45,1997-07-15 23:29:45
ARM97_qmc,mac,50,run_e3sm_scm_ARM97_qmc64_0706_050,run_e3sm_scm_ARM97_qmc64_0706_050,,cases/run_e3sm_scm_ARM97_qmc64_0706/scripts/run_e3sm_scm_ARM97_qmc64_0706_050.csh,1997-06-19 23:29:45,1997-06-19,84585,ndays,26,,,1997-06-19 23:29:45,1997-07-15 23:29:45
ARM97_qmc,mac,51,run_e3sm_scm_ARM97_qmc64_0706_051,run_e3sm_scm_ARM97_qmc64_0706_051,,cases/run_e3sm_scm_ARM97_qmc64_0706/scripts/run_e3sm_scm_ARM97_qmc64_0706_051.csh,1997-06-19 23:29:45,1997-06-19,84585,ndays,26,,,1997-06-19 23:29:45,1997-07-15 23:29:45
ARM97_qmc,mac,52,run_e3sm_scm_ARM97_qmc64_0706_052,run_e3sm_scm_ARM97_qmc64_0706_052,,cases/run_e3sm_scm_ARM97_qmc64_0706/scripts/run_e3sm_scm_ARM97_qmc64_0706_052.csh,1997-06-19 23:29:45,1997-06-19,84585,ndays,26,,,1997-06-19 23:29:45,1997-07-15 23:29:45
ARM97_qmc,mac,53,run_e3sm_scm_ARM97_qmc64_0706_053,run_e3sm_scm_ARM97_qmc64_0706_053,,cases/run_e3sm_scm_ARM97_qmc64_0706/scripts/run_e3sm_scm_ARM97_qmc64_0706_053.csh,1997-06-19 23:29:45,1997-06-19,84585,ndays,26,,,1997-06-19 23:29:45,1997-07-15 23:29:45
ARM97_qmc,mac,54,run_e3sm_scm_ARM97_qmc64_0706_054,run_e3sm_scm_ARM97_qmc64_0706_054,,cases/run_e3sm_scm_ARM97_qmc64_0706/scripts/run_e3sm_scm_ARM97_qmc64_0706_054.csh,1997-06-19 23:29:45,1997-06-19,84585,ndays,26,,,1997-06-19 23:29:45,1997-07-15 23:29:45
ARM97_qmc,mac,55,run_e3sm_scm_ARM97_qmc64_0706_055,run_e3sm_scm_ARM97_qmc64_0706_055,,cases/run_e3sm_scm_ARM97_qmc64_0706/scripts/run_e3sm_scm_ARM97_qmc64_0706_055.csh,1997-06-19 23:29:45,1997-06-19,84585,ndays,26,,,1997-06-19 23:29:45,1997-07-15 23:29:45
ARM97_qmc,mac,56,run_e3sm_scm_ARM97_qmc64_0706_056,run_e3sm_scm_ARM97_qmc64_0706_056,,cases/run_e3sm_scm_ARM97_qmc64_0706/scripts/run_e3sm_scm_ARM97_qmc64_0706_056.csh,1997-06-19 23:29:45,1997-06-19,84585,ndays,26,,,1997-06-19 23:29:45,1997-07-15 23:29:45
ARM97_qmc,mac,57,run_e3sm_scm_ARM97_qmc64_0706_057,run_e3sm_scm_ARM97_qmc64_0706_057,,cases/run_e3sm_scm_ARM97_qmc64_0706/scripts/run_e3sm_scm_ARM97_qmc64_0706_057.csh,1997-06-19 23:29:45,1997-06-19,84585,ndays,26,,,1997-06-19 23:29:45,1997-07-15 23:29:45
ARM97_qmc,mac,58,run_e3sm_scm_ARM97_qmc64_0706_058,run_e3sm_scm_ARM97_qmc64_0706_058,,cases/run_e3sm_scm_ARM97_qmc64_0706/scripts/run_e3sm_scm_ARM97_qmc64_0706_058.csh,1997-06-19 23:29:45,1997-06-19,84585,ndays,26,,,1997-06-19 23:29:45,1997-07-15 23:29:45
ARM97_qmc,mac,59,run_e3sm_scm_ARM97_qmc64_0706_059,run_e3sm_scm_ARM97_qmc64_0706_059,,cases/run_e3sm_scm_ARM97_qmc64_0706/scripts/run_e3sm_scm_ARM97_qmc64_0706_059.csh,1997-06-19 23:29:45,1997-06-19,84585,ndays,26,,,1997-06-19 23:29:45,1997-07-15 23:29:45
ARM97_qmc,mac,60,run_e3sm_scm_ARM97_qmc64_0706_060,run_e3sm_scm_ARM97_qmc64_0706_060,,cases/run_e3sm_scm_ARM97_qmc64_0706/scripts/run_e3sm_scm_ARM97_qmc64_0706_060.csh,1997-06-19 23:29:45,1997-06-19,84585,ndays,26,,,1997-06-19 23:29:45,1997-07-15 23:29:45
ARM97_qmc,mac,61,run_e3sm_scm_ARM97_qmc64_0706_061,run_e3sm_scm_ARM97_qmc64_0706_061,,cases/run_e3sm_scm_ARM97_qmc64_0706/scripts/run_e3sm_scm_ARM97_qmc64_0706_061.csh,1997-06-19 23:29:45,1997-06-19,84585,ndays,26,,,1997-06-19 23:29:45,1997-07-15 23:29:45
ARM97_qmc,mac,62,run_e3sm_scm_ARM97_qmc64_0706_062,run_e3sm_scm_ARM97_qmc64_0706_062,,cases/run_e3sm_scm_ARM97_qmc64_0706/scripts/run_e3sm_scm_ARM97_qmc64_0706_062.csh,1997-06-19 23:29:45,1997-06-19,84585,ndays,26,,,1997-06-19 23:29:45,1997-07-15 23:29:45
ARM97_qmc,mac,63,run_e3sm_scm_ARM97_qmc64_0706_063,run_e3sm_scm_ARM97_qmc64_0706_063,,cases/run_e3sm_scm_ARM97_qmc64_0706/scripts/run_e3sm_scm_ARM97_qmc64_0706_063.csh,1997-06-19 23:29:45,1997-06-19,84585,ndays,26,,,1997-06-19 23:29:45,1997-07-15 23:29:45
