experiment,platform,case,design,sampler,seed,sample_index,sample_kind,zmconv_c0_lnd,zmconv_c0_lnd_numeric,zmconv_c0_ocn,zmconv_c0_ocn_numeric,cldfrc_dp1,cldfrc_dp1_numeric,zmconv_dmpdz,zmconv_dmpdz_numeric,zmconv_ke,zmconv_ke_numeric,zmconv_alfa,zmconv_alfa_numeric,zmconv_tau,zmconv_tau_numeric,ice_sed_ai,ice_sed_ai_numeric,cldfrc2m_rhmaxi,cldfrc2m_rhmaxi_numeric,clubb_gamma_coef,clubb_gamma_coef_numeric,clubb_C8,clubb_C8_numeric,clubb_beta,clubb_beta_numeric,clubb_C2rt,clubb_C2rt_numeric,clubb_c_K10,clubb_c_K10_numeric,clubb_C1,clubb_C1_numeric,clubb_C6rt,clubb_C6rt_numeric,effgw_oro,effgw_oro_numeric
ARM97_qmc,mac,run_e3sm_scm_ARM97_qmc64_0706_000,digitalnetb2,QMCPy DigitalNetB2,20260428,0,digitalnetb2,0.0010620489,0.0010620488544623565,0.004004029,0.004004029005309872,0.02124491D0,0.021244910391044692,-1.64094919e-03,-0.0016409491925534559,7.55260558E-06,7.552605576450309e-06,0.54611924D0,0.5461192382691714,13817.46,13817.459788690432,1267.0293,1267.0293106761583,1.0783492D0,1.0783492077039554,0.19055934,0.19055933633097885,5.1000147,5.10001469437633,1.2368217,1.2368216988137388,0.75838828D0,0.7583882832077427,0.36536769,0.36536768916729534,1.8179147,1.8179146570987887,3.0477519,3.047751903770646,0.16699844,0.16699844113957646
ARM97_qmc,mac,run_e3sm_scm_ARM97_qmc64_0706_001,digitalnetb2,QMCPy DigitalNetB2,20260428,1,digitalnetb2,0.0040891659,0.004089165895199956,0.0021815834,0.002181583433793265,0.081036933D0,0.0810369331911369,-9.38132701e-04,-0.0009381327007519163,1.20883759E-06,1.2088375874356873e-06,0.22250344D0,0.22250343952956175,4435.2125,4435.212500944733,451.30515,451.30515499231797,1.0236359D0,1.023635902819085,0.46790666,0.46790666059241914,2.5881536,2.5881536184078726,2.1621777,2.16217768865215,1.5289403D0,1.5289403127659478,0.90068807,0.9006880727563549,4.3078458,4.307845769607887,5.5504505,5.550450481582079,0.29260813,0.29260812947448855
ARM97_qmc,mac,run_e3sm_scm_ARM97_qmc64_0706_002,digitalnetb2,QMCPy DigitalNetB2,20260428,2,digitalnetb2,0.0025454252,0.0025454251508352198,0.0032058369,0.0032058369480579556,0.079346001D0,0.0793460014223316,-3.70495868e-04,-0.0003704958676808896,8.04129859E-06,8.041298588251177e-06,0.34442973D0,0.34442972602519045,5471.1629,5471.162918797741,1025.9976,1025.9976043064412,1.0516352D0,1.051635162134868,0.27181262,0.2718126188596779,7.5096988,7.509698812319532,1.829421,1.8294210337780599,1.9702944D0,1.9702944207186261,1.1584349,1.1584349025156933,2.1188189,2.118818931426482,7.8086996,7.808699610262012,0.2116918,0.21169179722271636
ARM97_qmc,mac,run_e3sm_scm_ARM97_qmc64_0706_003,digitalnetb2,QMCPy DigitalNetB2,20260428,3,digitalnetb2,0.0051045509,0.005104550939801754,0.0051651488,0.005165148806786458,0.059143822D0,0.05914382237543585,-1.25039411e-03,-0.0012503941116925128,4.29017672E-06,4.290176718993839e-06,0.18677874D0,0.18677874086505059,8651.9415,8651.941487024356,760.01075,760.0107494328673,1.0438468D0,1.0438468402560073,0.3991526,0.39915260357806626,4.7722867,4.77228668975598,2.7556275,2.7556274536086365,1.2114586D0,1.2114586384407786,0.56859475,0.5685947549506583,3.5069396,3.5069395767298834,5.3205713,5.320571277271546,0.32760284,0.3276028366555862
ARM97_qmc,mac,run_e3sm_scm_ARM97_qmc64_0706_004,digitalnetb2,QMCPy DigitalNetB2,20260428,4,digitalnetb2,0.0017520058,0.0017520058274847492,0.0013655726,0.0013655725578448354,0.044590859D0,0.04459085937870411,-1.88594520e-03,-0.0018859451956608926,5.48181522E-06,5.481815215460204e-06,0.45890133D0,0.4589013256503592,1934.0606,1934.0605971110078,570.83145,570.8314466573327,1.0029962D0,1.0029962044171006,0.333694,0.3336939967063899,2.9006162,2.900616166062637,1.4936091,1.4936091311063522,1.3295621D0,1.3295620774854364,0.6652153,0.6652153001120147,1.3414076,1.341407614420503,4.0696244,4.069624374210425,0.10775004,0.10775004327959005
ARM97_qmc,mac,run_e3sm_scm_ARM97_qmc64_0706_005,digitalnetb2,QMCPy DigitalNetB2,20260428,5,digitalnetb2,0.0046626938,0.0046626938141532785,0.0045747175,0.004574717454482449,0.064407296D0,0.06440729605679281,-6.92472620e-04,-0.000692472619819367,2.10183921E-06,2.1018392083586395e-06,0.069219091D0,0.0692190907294469,11402.505,11402.504536887847,1346.445,1346.4449550303384,1.095208D0,1.0952079659425191,0.21103827,0.2110382724061184,6.3873418,6.3873417655343525,2.4198156,2.419815649422472,0.58253768D0,0.5825376812794025,1.0863053,1.0863053402704121,4.7843378,4.784337844015299,6.5576918,6.557691762175511,0.28271607,0.2827160655188291
ARM97_qmc,mac,run_e3sm_scm_ARM97_qmc64_0706_006,digitalnetb2,QMCPy DigitalNetB2,20260428,6,digitalnetb2,0.0030811307,0.003081130723766238,0.0059128395,0.0059128394768300195,0.095199274D0,0.09519927414388599,-3.02609716e-04,-0.0003026097156255689,9.51821457E-06,9.518214565894819e-06,0.50053297D0,0.5005329653415179,11054.268,11054.267611373156,672.27959,672.2795853719131,1.0293318D0,1.029331820055763,0.402445,0.4024450049690377,3.7165989,3.716598943529125,1.5885255,1.5885255408434171,1.0354707D0,1.0354707075417262,0.75473221,0.7547322088046151,2.5954331,2.5954330836514306,6.79934,6.799339961582285,0.213665,0.21366500340893008
ARM97_qmc,mac,run_e3sm_scm_ARM97_qmc64_0706_007,digitalnetb2,QMCPy DigitalNetB2,20260428,7,digitalnetb2,0.00583481,0.00583480996107837,0.0028402652,0.0028402652388435793,0.035011744D0,0.03501174372365034,-1.31900054e-03,-0.0013190005395879575,3.99075998E-06,3.990759980537718e-06,0.27144842D0,0.27144841687515087,7984.1749,7984.174907122137,914.81889,914.8188915127182,1.0746186D0,1.0746186224985215,0.12978804,0.1297880386334902,6.9776819,6.977681899317772,2.5138816,2.51388161101022,1.7707789D0,1.7707788563803255,0.50066172,0.5006617180184593,3.0303105,3.0303104712441344,4.2965447,4.296544676839108,0.39711417,0.3971141686531722
ARM97_qmc,mac,run_e3sm_scm_ARM97_qmc64_0706_008,digitalnetb2,QMCPy DigitalNetB2,20260428,8,digitalnetb2,0.0014819472,0.0014819472497428908,0.0022821478,0.002282147822447376,0.087558999D0,0.08755899948075897,-1.06031389e-03,-0.001060313885526608,2.30903703E-06,2.3090370343633637e-06,0.49054078D0,0.49054077510062793,6176.3263,6176.326306413127,1107.7786,1107.7785761426396,1.0616636D0,1.0616636423041421,0.43480997,0.43480996702171215,5.5105083,5.510508274616045,1.3721399,1.3721398765596753,1.0659081D0,1.065908108516103,0.92374395,0.9237439549347792,3.3297876,3.3297875583063807,7.67406,7.674060029838418,0.37509428,0.3750942815064957
ARM97_qmc,mac,run_e3sm_scm_ARM97_qmc64_0706_009,digitalnetb2,QMCPy DigitalNetB2,20260428,9,digitalnetb2,0.0036107702,0.0036107702465896325,0.0054546862,0.005454686225926705,0.027689157D0,0.027689156867507402,-5.60671222e-04,-0.0005606712220163584,6.35092923E-06,6.3509292323398565e-06,0.3157023D0,0.31570230247317177,9344.7041,9344.704053834983,874.59196,874.5919570709736,1.0413254D0,1.0413254484944254,0.10746874,0.10746874245736097,2.2010746,2.2010746444389078,2.2905377,2.290537700255286,1.8306011D0,1.8306011219503464,0.33208766,0.3320876619585441,2.7959111,2.7959111477327645,5.1810488,5.181048846375944,0.24037166,0.24037166410755242
ARM97_qmc,mac,run_e3sm_scm_ARM97_qmc64_0706_010,digitalnetb2,QMCPy DigitalNetB2,20260428,10,digitalnetb2,0.002652947,0.0026529469650004647,0.0042931084,0.00429310836915673,0.051918636D0,0.05191863643976406,-8.90856525e-04,-0.0008908565250177365,3.07982494E-06,3.0798249397905287e-06,0.4000428D0,0.40004280372111994,13137,13137.00040734844,1151.9352,1151.935155400904,1.0817971D0,1.0817971413750211,0.30356277,0.3035627723638563,7.8733751,7.873375149416068,1.7175326,1.7175326371942259,1.5686933D0,1.5686932531675561,0.60873097,0.6087309728635308,4.6070064,4.607006379921954,3.5281557,3.528155664159321,0.2650706,0.2650706019979308
ARM97_qmc,mac,run_e3sm_scm_ARM97_qmc64_0706_011,digitalnetb2,QMCPy DigitalNetB2,20260428,11,digitalnetb2,0.0049384915,0.004938491490157609,0.0012571317,0.00125713167897525,0.072042385D0,0.07204238532077395,-1.68818641e-03,-0.0016881864098206635,9.13047044E-06,9.130470439684354e-06,0.093614485D0,0.09361448476565833,3766.9617,3766.9616737979804,369.01174,369.01174010810894,1.0146339D0,1.0146339096274735,0.22621669,0.2262166877619331,4.4320707,4.432070735210091,2.6350724,2.6350724019669824,0.81571577D0,0.8157157718041042,1.1423519,1.1423518835713313,1.0186904,1.0186904076830694,6.0455026,6.045502640608577,0.12070841,0.12070840688035454
ARM97_qmc,mac,run_e3sm_scm_ARM97_qmc64_0706_012,digitalnetb2,QMCPy DigitalNetB2,20260428,12,digitalnetb2,0.0021914835,0.0021914834752764026,0.0049621423,0.004962142309130192,0.066713053D0,0.06671305315719143,-1.51286237e-03,-0.0015128623704099128,8.17175819E-07,8.171758194040564e-07,0.37164298D0,0.37164298151873626,10387.362,10387.362235923847,688.43168,688.4316798583859,1.032377D0,1.032377017060078,0.29083296,0.2908329648655512,3.3096907,3.3096906774758637,1.1161192,1.1161191983018892,1.6314503D0,1.6314503379480043,0.98947978,0.9894797832661224,3.8219043,3.821904334283015,7.2967194,7.296719405927776,0.34967487,0.3496748738035816
ARM97_qmc,mac,run_e3sm_scm_ARM97_qmc64_0706_013,digitalnetb2,QMCPy DigitalNetB2,20260428,13,digitalnetb2,0.0041254658,0.004125465803895393,0.003176342,0.0031763419686983885,0.046818797D0,0.046818796664779214,-1.08794091e-04,-0.00010879409116731236,6.64528963E-06,6.64528962530922e-06,0.12537091D0,0.125370912290032,7305.061,7305.0609716102545,963.77923,963.779226813304,1.0652137D0,1.065213701911161,0.36349479,0.3634947948235582,6.0016819,6.001681860304588,2.0336589,2.033658864123441,0.89028782D0,0.8902878189814688,0.73710877,0.7371087651516779,2.3037788,2.3037788075549948,4.7792757,4.7792757193283,0.18493186,0.18493185999485456
ARM97_qmc,mac,run_e3sm_scm_ARM97_qmc64_0706_014,digitalnetb2,QMCPy DigitalNetB2,20260428,14,digitalnetb2,0.0032079826,0.0032079825685237713,0.001700886,0.001700886048475923,0.033565366D0,0.03356536578509097,-7.35967191e-04,-0.0007359671906759055,5.16523934E-06,5.1652393361161855e-06,0.58782383D0,0.5878238254210533,2625.4777,2625.4777180801584,521.35817,521.3581675700358,1.0118651D0,1.0118651119821225,0.17208807,0.17208807427605893,4.0787647,4.078764659152727,1.9582107,1.9582106925002911,0.64023281D0,0.6402328114147411,0.4217954,0.42179540294623086,4.114752,4.114751976820532,3.9320472,3.9320471584781598,0.31026553,0.31026552774280547
ARM97_qmc,mac,run_e3sm_scm_ARM97_qmc64_0706_015,digitalnetb2,QMCPy DigitalNetB2,20260428,15,digitalnetb2,0.0056102434,0.005610243367632138,0.0036235628,0.0036235628042526153,0.093674466D0,0.09367446604060488,-1.84234825e-03,-0.0018423482487372061,8.24226738E-06,8.242267381610085e-06,0.2153291D0,0.2153291025543695,12106.322,12106.322472794427,1329.7804,1329.7804135231818,1.0915268D0,1.0915268108476894,0.49473893,0.4947389347677891,6.6389766,6.63897656633211,2.8766084,2.876608436333172,1.3696798D0,1.3696797983976903,0.84470159,0.8447015887253762,1.5109293,1.510929261361052,6.4249974,6.424997395477115,0.15402927,0.15402926931931388
ARM97_qmc,mac,run_e3sm_scm_ARM97_qmc64_0706_016,digitalnetb2,QMCPy DigitalNetB2,20260428,16,digitalnetb2,0.0012146682,0.0012146682295273241,0.0020698429,0.00206984293543026,0.061264702D0,0.06126470217870768,-2.04974790e-04,-0.00020497479038592893,3.31928107E-06,3.319281069272132e-06,0.15547198D0,0.15547198329739742,9045.1421,9045.142103591257,429.09428,429.0942753619248,1.0980659D0,1.098065852864266,0.47595615,0.4759561483917424,5.3721861,5.372186082182125,1.9362526,1.9362526171313585,1.6727765D0,1.6727765437691449,0.45403989,0.45403989466114875,4.995237,4.995236983795474,7.4500792,7.4500791963476924,0.12885735,0.12885734657150577
ARM97_qmc,mac,run_e3sm_scm_ARM97_qmc64_0706_017,digitalnetb2,QMCPy DigitalNetB2,20260428,17,digitalnetb2,0.0039683432,0.003968343151087087,0.0038802149,0.0038802149277618668,0.041453453D0,0.041453453345140556,-1.41618972e-03,-0.001416189721843222,9.06959805E-06,9.06959804625399e-06,0.341571D0,0.34157099733689783,5864.3072,5864.307211909087,1221.307,1221.307044394685,1.0059029D0,1.0059028998641883,0.15329766,0.15329765831355815,2.4391879,2.439187891697561,2.9786741,2.978674096253724,0.94323799D0,0.9432379943111767,0.81893902,0.8189390238954124,1.3805538,1.3805538412842455,4.9382252,4.938225196373392,0.25692169,0.2569216886562366
ARM97_qmc,mac,run_e3sm_scm_ARM97_qmc64_0706_018,digitalnetb2,QMCPy DigitalNetB2,20260428,18,digitalnetb2,0.0023855577,0.0023855577137179814,0.0053744341,0.005374434081075971,0.038163917D0,0.03816391665851783,-1.80545512e-03,-0.0018054551215387106,2.82914750E-06,2.8291474986584697e-06,0.25402837D0,0.2540283655661002,4042.3911,4042.3911458045977,776.76523,776.7652296351548,1.0717546D0,1.071754637836674,0.35720438,0.35720437942559247,7.2662694,7.266269362368968,1.0287318,1.0287317928269153,0.68055193D0,0.6805519297308242,1.0221646,1.0221645879828427,3.1945788,3.1945787609111336,3.4612259,3.4612259193366386,0.24881213,0.24881213309605488
ARM97_qmc,mac,run_e3sm_scm_ARM97_qmc64_0706_019,digitalnetb2,QMCPy DigitalNetB2,20260428,19,digitalnetb2,0.0052962509,0.005296250919667297,0.0033884385,0.003388438504089244,0.098346259D0,0.09834625924586377,-7.73408439e-04,-0.0007734084386438148,5.98622040E-06,5.986220397643705e-06,0.54916257D0,0.5491625660901612,13424.702,13424.702273058429,1068.4584,1068.4584469885606,1.026419D0,1.0264190145721155,0.28455018,0.28455017867005167,4.9514704,4.951470438192505,2.0722478,2.072247842568272,1.421806D0,1.4218060112597761,0.71178479,0.71178479356991,2.6812101,2.681210145609862,5.9585094,5.958509376466819,0.36665382,0.36665382098619326
ARM97_qmc,mac,run_e3sm_scm_ARM97_qmc64_0706_020,digitalnetb2,QMCPy DigitalNetB2,20260428,20,digitalnetb2,0.0019240945,0.0019240945268327722,0.0047060107,0.004706010716433599,0.082899223D0,0.0828992228699095,-4.64434353e-04,-0.0004644343530348879,4.79705525E-06,4.797055250134163e-06,0.27705755D0,0.27705755272013194,6801.991,6801.991025669788,1371.4666,1371.466630518686,1.0203935D0,1.020393512148701,0.24527566,0.24527565820834352,3.0730037,3.0730036780996315,1.6770508,1.6770508091787355,1.119133D0,1.1191329978572513,0.63273572,0.6327357217335035,4.471733,4.471732991872855,7.2073205,7.207320477189923,0.1459181,0.14591810361770136
ARM97_qmc,mac,run_e3sm_scm_ARM97_qmc64_0706_021,digitalnetb2,QMCPy DigitalNetB2,20260428,21,digitalnetb2,0.0044832249,0.004483224930557136,0.0014698386,0.001469838640176276,0.023102623D0,0.023102622588489868,-1.15693037e-03,-0.0011569303680897956,8.77048229E-06,8.77048228696578e-06,0.529223D0,0.5292230030052161,9872.0274,9872.027406465071,605.02506,605.0250627531647,1.075058D0,1.0750579722913327,0.32261411,0.3226141136077102,6.1385807,6.138580677054566,2.7205668,2.720566838196346,1.8720189D0,1.8720189139517185,1.1118652,1.111865194398813,1.9040431,1.9040431033470635,4.7100977,4.710097666489482,0.31837668,0.3183766839983293
ARM97_qmc,mac,run_e3sm_scm_ARM97_qmc64_0706_022,digitalnetb2,QMCPy DigitalNetB2,20260428,22,digitalnetb2,0.0029407039,0.0029407038511109706,0.0026504944,0.0026504944320846005,0.057291113D0,0.05729111294526562,-1.72513571e-03,-0.001725135706565576,7.57457784E-07,7.574577844277463e-07,0.063559568D0,0.06355956752909594,12584.299,12584.29863678676,884.46899,884.4689884684635,1.0470831D0,1.0470831331833694,0.11402008,0.11402008313667912,3.5608799,3.560879851061017,1.2720874,1.27208737818411,1.6212773D0,1.6212772633218049,0.94731011,0.9473101107661022,3.717946,3.7179459601739917,3.6871993,3.687199318580439,0.17652686,0.1765268582962744
ARM97_qmc,mac,run_e3sm_scm_ARM97_qmc64_0706_023,digitalnetb2,QMCPy DigitalNetB2,20260428,23,digitalnetb2,0.005967816,0.005967815969317734,0.0057107282,0.005710728221639781,0.077497869D0,0.07749786948512066,-8.53471443e-04,-0.0008534714432775435,6.87896136E-06,6.87896135774992e-06,0.43012733D0,0.4301273312956043,3115.9185,3115.91853651823,634.69637,634.6963738042307,1.0549203D0,1.0549202875138293,0.44136894,0.4413689372875761,7.2445646,7.2445646086417685,2.3145088,2.314508818425577,0.85667582D0,0.8566758152439424,0.30116066,0.3011606595746739,2.1578282,2.157828231512284,6.1991497,6.199149728035677,0.35807985,0.358079848174816
ARM97_qmc,mac,run_e3sm_scm_ARM97_qmc64_0706_024,digitalnetb2,QMCPy DigitalNetB2,20260428,24,digitalnetb2,0.001341492,0.0013414919903697883,0.0056616804,0.005661680366974512,0.049931082D0,0.04993108246531602,-5.81276597e-04,-0.0005812765967628606,7.82153158E-06,7.821531581565467e-06,0.10788479D0,0.10788478799852869,4947.6037,4947.603713481334,826.24214,826.2421429586791,1.0680746D0,1.0680746215602228,0.14872345,0.14872345461165687,5.7131223,5.713122292270476,1.5480132,1.5480131952504061,1.2773439D0,1.2773439203529384,0.77873782,0.7787378227901318,2.4835504,2.483550436691896,3.2909952,3.290995172833375,0.33794872,0.33794872010229193
ARM97_qmc,mac,run_e3sm_scm_ARM97_qmc64_0706_025,digitalnetb2,QMCPy DigitalNetB2,20260428,25,digitalnetb2,0.0037437666,0.0037437666435744163,0.0024670357,0.002467035743348786,0.069820761D0,0.06982076148455962,-1.99752083e-03,-0.001997520825262321,4.37310853E-06,4.373108533146161e-06,0.42020648D0,0.4202064759901566,14317.706,14317.706280672593,1085.1191,1085.1191037595502,1.0352868D0,1.0352867840641806,0.42137584,0.4213758435026367,2.0748371,2.074837064249878,2.5993455,2.5993455296602437,0.54194421D0,0.5419442061689443,0.47017418,0.47017417714144183,3.8921789,3.892178906138642,5.7736302,5.7736302310175684,0.20134594,0.2013459401254676
ARM97_qmc,mac,run_e3sm_scm_ARM97_qmc64_0706_026,digitalnetb2,QMCPy DigitalNetB2,20260428,26,digitalnetb2,0.0028250643,0.00282506434908045,0.0011479827,0.0011479827107862407,0.090571751D0,0.09057175094289543,-1.37067796e-03,-0.0013706779628036743,7.04756361E-06,7.04756361094563e-06,0.30151589D0,0.30151588935780116,8164.4443,8164.444285508371,412.94657,412.9465661669687,1.0886598D0,1.0886597822771078,0.21746911,0.21746911037500108,7.6540929,7.654092910575459,1.3935261,1.3935261151520157,0.98261167D0,0.9826116717570984,0.6887806,0.6887806042388385,1.7060818,1.7060817555113517,7.8952733,7.895273264731924,0.30324611,0.3032461144231354
ARM97_qmc,mac,run_e3sm_scm_ARM97_qmc64_0706_027,digitalnetb2,QMCPy DigitalNetB2,20260428,27,digitalnetb2,0.0047590319,0.004759031919783724,0.004166698,0.004166697993063149,0.030467228D0,0.030467228190827783,-2.50496514e-04,-0.0002504965144509328,1.59094898E-06,1.5909489791897457e-06,0.47042742D0,0.4704274236134041,4996.0102,4996.010208763626,1172.3426,1172.342574058057,1.0089492D0,1.0089492476137227,0.34012941,0.34012941250419343,4.5401865,4.540186496172204,2.4437563,2.443756250015811,1.7297276D0,1.7297276332213016,1.0553792,1.0553792030020859,4.1696457,4.169645668877106,5.3883021,5.388302115537652,0.15636046,0.15636046465912964
ARM97_qmc,mac,run_e3sm_scm_ARM97_qmc64_0706_028,digitalnetb2,QMCPy DigitalNetB2,20260428,28,digitalnetb2,0.0020316447,0.0020316447228817406,0.0029888577,0.0029888576758939026,0.02579656D0,0.02579655970577773,-1.04927255e-03,-0.0010492725469800452,9.90613711E-06,9.906137109741952e-06,0.19241492D0,0.19241492477698263,11711.58,11711.580014469804,999.57503,999.5750314064398,1.03808D0,1.03807998999778,0.38014852,0.3801485230374565,3.4125208,3.4125208221560994,1.8074935,1.807493475986151,0.71770331D0,0.717703311160492,1.1906803,1.1906802591366075,2.9914142,2.991414161905558,4.139222,4.139222046044118,0.38680606,0.38680605919600464
ARM97_qmc,mac,run_e3sm_scm_ARM97_qmc64_0706_029,digitalnetb2,QMCPy DigitalNetB2,20260428,29,digitalnetb2,0.0043171751,0.004317175096974395,0.0047577398,0.004757739771613877,0.08567159D0,0.08567159017403798,-1.52931739e-03,-0.0015293173898847288,3.48455417E-06,3.4845541719725725e-06,0.57617021D0,0.5761702093055776,2230.7991,2230.799093396514,716.97815,716.9781512659123,1.0583694D0,1.0583693719242948,0.25280396,0.2528039604902389,5.7756489,5.775648915551476,2.8577236,2.8577236311080316,1.4764475D0,1.4764475308869145,0.54283134,0.5428313386257431,3.3842994,3.384299378298219,6.6462896,6.646289606773649,0.2239731,0.22397310342000895
ARM97_qmc,mac,run_e3sm_scm_ARM97_qmc64_0706_030,digitalnetb2,QMCPy DigitalNetB2,20260428,30,digitalnetb2,0.0033605736,0.003360573556862104,0.0037522596,0.0037522596185738184,0.073944552D0,0.07394455199292889,-1.19877287e-03,-0.0011987728650861445,5.55661498E-06,5.556614984133578e-06,0.14810043D0,0.14810042637806015,7699.4167,7699.416658334322,1289.6978,1289.697796660365,1.0178733D0,1.01787325921132,0.461398,0.4613980027876957,3.9471928,3.9471927805879017,1.1494648,1.1494648109179488,1.9286024D0,1.928602362050339,0.39805164,0.39805164238906443,1.1983243,1.1983243053793258,7.024768,7.02476801926697,0.27211355,0.27211354786010405
ARM97_qmc,mac,run_e3sm_scm_ARM97_qmc64_0706_031,digitalnetb2,QMCPy DigitalNetB2,20260428,31,digitalnetb2,0.005489411,0.005489411012255304,0.0018077438,0.0018077438100657305,0.053815615D0,0.05381561528718795,-4.22665242e-04,-0.00042266524214790114,1.88555609E-06,1.8855560881990283e-06,0.38307836D0,0.383078364608665,10781.662,10781.661593324847,490.43147,490.4314666525214,1.0850853D0,1.0850853143818278,0.18405526,0.18405525597073297,6.8347913,6.834791285388365,2.2007972,2.200797184674346,1.1581419D0,1.1581418949563322,0.87536497,0.8753649660805833,4.6773873,4.677387331174165,4.5421936,4.542193610114806,0.11835253,0.11835253361096933
ARM97_qmc,mac,run_e3sm_scm_ARM97_qmc64_0706_032,digitalnetb2,QMCPy DigitalNetB2,20260428,32,digitalnetb2,0.0011295105,0.001129510477114418,0.0034932969,0.0034932968675774508,0.053304884D0,0.05330488381201179,-1.46828725e-03,-0.00146828724534994,4.94835229E-06,4.948352290397608e-06,0.51170647D0,0.5117064703453454,3447.6934,3447.6933747614958,1361.2722,1361.2722425176148,1.0433983D0,1.0433983406580256,0.4894145,0.4894145047327201,7.1503235,7.150323492145705,2.4797524,2.4797523565699224,1.437801D0,1.437801039979798,1.1447933,1.1447933056835768,2.3374874,2.3374873939851177,7.7358083,7.735808340731288,0.14698894,0.14698893638397426
ARM97_qmc,mac,run_e3sm_scm_ARM97_qmc64_0706_033,digitalnetb2,QMCPy DigitalNetB2,20260428,33,digitalnetb2,0.0040400553,0.004040055286561478,0.0052597236,0.005259723628609031,0.073195783D0,0.0731957833818788,-1.53165386e-04,-0.00015316538605818024,8.61918528E-06,8.619185281469946e-06,0.25684067D0,0.2568406688216271,12866.991,12866.990656449236,553.67886,553.6788649383072,1.0605612D0,1.0605611856555823,0.16831823,0.16831822876169467,3.6614181,3.661418073633688,1.4373349,1.4373349095986387,0.70835342D0,0.7083534152699591,0.55313637,0.5531363689792912,3.7882339,3.788233921047758,5.2385813,5.238581348242846,0.31261765,0.3126176516225442
ARM97_qmc,mac,run_e3sm_scm_ARM97_qmc64_0706_034,digitalnetb2,QMCPy DigitalNetB2,20260428,34,digitalnetb2,0.0024585108,0.0024585108180443507,0.0039411376,0.003941137591445425,0.08640712D0,0.08640711995966405,-7.21311382e-04,-0.0007213113824252341,6.07322659E-07,6.073226593452584e-07,0.44752535D0,0.4475253504663802,9663.9701,9663.970105697552,931.57043,931.5704294017762,1.0139236D0,1.013923598713002,0.37066246,0.37066246123667157,6.2406953,6.240695320698824,2.5708883,2.570888278182089,1.1971322D0,1.1971322011203536,0.38065707,0.38065707092805223,1.5993292,1.5993291643223229,3.1217929,3.121792929491554,0.19197205,0.19197204717347388
ARM97_qmc,mac,run_e3sm_scm_ARM97_qmc64_0706_035,digitalnetb2,QMCPy DigitalNetB2,20260428,35,digitalnetb2,0.0052123341,0.00521233413581533,0.0019990873,0.001999087256236108,0.026301377D0,0.02630137664998835,-1.85726409e-03,-0.0018572640869419373,7.02909645E-06,7.029096447926536e-06,0.083624362D0,0.08362436245609847,6446.3413,6446.341308543155,657.3086,657.3086028228066,1.0842591D0,1.084259137804533,0.29957105,0.29957104674631907,2.9774093,2.977409300059053,1.5273681,1.5273681366704506,1.9382954D0,1.9382953564140457,0.91427905,0.9142790545181889,4.0263903,4.026390254447183,5.6337416,5.633741560270031,0.3473226,0.34732260409727345
ARM97_qmc,mac,run_e3sm_scm_ARM97_qmc64_0706_036,digitalnetb2,QMCPy DigitalNetB2,20260428,36,digitalnetb2,0.0016845464,0.0016845464412322637,0.0057816411,0.00578164114503701,0.032451611D0,0.032451610584631696,-1.10488904e-03,-0.0011048890424309003,3.46594622E-06,3.4659462177985047e-06,0.35588123D0,0.3558812271242702,12426.898,12426.89791936595,468.13478,468.13478425715397,1.0625503D0,1.0625502659501287,0.23338006,0.2333800641241677,4.8496734,4.849673362987608,2.219429,2.2194289643931384,0.50879066D0,0.5087906551738818,0.76843279,0.7684327859342615,2.8139833,2.813983288208332,6.882679,6.8826790411677745,0.12773101,0.12773100982035454
ARM97_qmc,mac,run_e3sm_scm_ARM97_qmc64_0706_037,digitalnetb2,QMCPy DigitalNetB2,20260428,37,digitalnetb2,0.004711807,0.0047118069571057105,0.0025894144,0.00258941444967397,0.092327862D0,0.09232786190619066,-5.16299959e-04,-0.0005162999589698105,8.92293286E-06,8.922932863098235e-06,0.17244899D0,0.1724489888427394,2896.8742,2896.8742245238022,1252.0082,1252.0082434761275,1.0328859D0,1.0328858885361618,0.31228073,0.31228073321178007,7.3622729,7.362272860536096,1.1759089,1.175908920901382,1.2617688D0,1.261768751907696,0.51606112,0.5160611240917481,3.3117231,3.311723073447328,4.3708244,4.370824435983441,0.26273508,0.26273508060772255
ARM97_qmc,mac,run_e3sm_scm_ARM97_qmc64_0706_038,digitalnetb2,QMCPy DigitalNetB2,20260428,38,digitalnetb2,0.0031680473,0.003168047292997905,0.0015847065,0.0015847064864587387,0.068061171D0,0.06806117143592083,-9.05512358e-04,-0.0009055123580485006,2.68363977E-06,2.6836397710268674e-06,0.53500447D0,0.5350044744484436,6984.4833,6984.48326614734,774.66382,774.6638171290795,1.0924278D0,1.092427828057861,0.10212419,0.10212419137926154,2.5338439,2.5338438511519734,2.8158078,2.8158078333496563,1.762492D0,1.7624919503088163,0.64986651,0.6498665088929187,1.1226962,1.1226962390207715,3.9874339,3.987433895865597,0.23334921,0.2333492060162332
ARM97_qmc,mac,run_e3sm_scm_ARM97_qmc64_0706_039,digitalnetb2,QMCPy DigitalNetB2,20260428,39,digitalnetb2,0.0057270293,0.005727029299346623,0.0046009949,0.004600994884642252,0.047931014D0,0.04793101387920978,-1.67327060e-03,-0.0016732705963960247,6.13172816E-06,6.131728160319405e-06,0.23716992D0,0.23716992268348952,10115.971,10115.97099246288,1009.0553,1009.0553225677486,1.0095908D0,1.0095907802870026,0.43103583,0.4310358314695658,5.2719711,5.271971149483455,1.7733905,1.7733904671724248,0.99779832D0,0.9977983229039012,1.0727738,1.072773767554369,4.5030082,4.503008211594276,6.4847144,6.484714381927408,0.37742995,0.3774299476755355
ARM97_qmc,mac,run_e3sm_scm_ARM97_qmc64_0706_040,digitalnetb2,QMCPy DigitalNetB2,20260428,40,digitalnetb2,0.001568864,0.0015688640424799602,0.0042766016,0.0042766015908264395,0.07542098D0,0.07542098003765597,-1.93063641e-03,-0.0019306364149262356,9.75592050E-06,9.755920498106978e-06,0.59356926D0,0.5935692647212756,8775.6765,8775.676486358305,948.23084,948.230836368526,1.0227791D0,1.022779112395774,0.1352284,0.13522839968952677,6.7390633,6.739063339014329,2.098478,2.098478031718239,1.8857629D0,1.8857629389600574,0.59431948,0.5943194779344995,4.8258627,4.825862713477607,3.6108945,3.6108945145219877,0.39477994,0.3947799368373168
ARM97_qmc,mac,run_e3sm_scm_ARM97_qmc64_0706_041,digitalnetb2,QMCPy DigitalNetB2,20260428,41,digitalnetb2,0.0035029895,0.003502989510340215,0.0010477773,0.0010477773475123563,0.055608511D0,0.0556085106511373,-6.47985259e-04,-0.0006479852590355504,3.63477082E-06,3.634770818514479e-06,0.2124808D0,0.21248079692884342,5545.6469,5545.646868399147,706.78577,706.7857660432187,1.0805671D0,1.0805670578972488,0.40631857,0.4063185744731658,4.0492636,4.049263620494291,1.0471493,1.04714929361871,1.1504556D0,1.1504555829142178,1.1296409,1.1296409344059726,1.2999209,1.2999208585481896,6.1179603,6.117960296284856,0.22068603,0.22068602616918465
ARM97_qmc,mac,run_e3sm_scm_ARM97_qmc64_0706_042,digitalnetb2,QMCPy DigitalNetB2,20260428,42,digitalnetb2,0.0025854877,0.0025854876532487472,0.0025427502,0.0025427501899283377,0.024779319D0,0.02477931869512188,-3.17381392e-04,-0.0003173813915770482,5.70799355E-06,5.707993546478081e-06,0.3655629D0,0.3655629009747548,4311.4723,4311.472250374234,1312.308,1312.3080230251892,1.0464568D0,1.046456846660768,0.20397435,0.20397435382753779,5.8763207,5.876320717633561,2.9443576,2.9443576429704095,0.84258789D0,0.8425878869687156,0.93650734,0.9365073430627215,3.110894,3.110894031568576,7.5900296,7.59002956430408,0.28505015,0.2850501515779642
ARM97_qmc,mac,run_e3sm_scm_ARM97_qmc64_0706_043,digitalnetb2,QMCPy DigitalNetB2,20260428,43,digitalnetb2,0.0049876044,0.004987604409587433,0.0055956451,0.005595645081416228,0.084962882D0,0.08496288183774742,-1.30396886e-03,-0.0013039688619948396,1.73417749E-06,1.7341774910858185e-06,0.12788459D0,0.12788458691634091,13742.978,13742.978086257213,537.5309,537.5309049306487,1.0511675D0,1.0511674655000898,0.32507187,0.32507186969136,3.3183235,3.318323520573687,1.894124,1.8941239714155067,1.5896115D0,1.5896114889877135,0.34666655,0.346666551769509,2.5148876,2.514887644310493,5.107451,5.107450973653817,0.10072887,0.10072887469276601
ARM97_qmc,mac,run_e3sm_scm_ARM97_qmc64_0706_044,digitalnetb2,QMCPy DigitalNetB2,20260428,44,digitalnetb2,0.0021045692,0.0021045692169803236,0.0018736312,0.0018736311646466838,0.098774251D0,0.0987742505636913,-1.59625800e-03,-0.0015962579980682056,7.67596038E-06,7.675960381852014e-06,0.40604736D0,0.40604735630109384,7861.8161,7861.816149119141,856.94534,856.9453448170655,1.0958648D0,1.0958648473938513,0.39208077,0.39208076801615854,4.4399238,4.439923825829182,2.3585306,2.358530580504727,0.95148935D0,0.9514893460567588,0.43626416,0.4362641611563112,4.3337266,4.333726567446625,3.8585545,3.8585544675768286,0.32995596,0.32995595956978374
ARM97_qmc,mac,run_e3sm_scm_ARM97_qmc64_0706_045,digitalnetb2,QMCPy DigitalNetB2,20260428,45,digitalnetb2,0.0042332488,0.004233248776380972,0.003676693,0.003676693028483982,0.038976429D0,0.038976429426644796,-9.82620086e-04,-0.0009826200863158254,4.51867970E-06,4.51867969781442e-06,0.091025292D0,0.09102529248391575,10981.095,10981.095315372108,1124.1616,1124.1616154331568,1.0005754D0,1.0005753827357622,0.26317399,0.26317399178087725,7.7486078,7.7486077915110805,1.3082968,1.3082968095329581,1.7103243D0,1.710324313196212,0.85735527,0.8573552741971409,1.7920415,1.7920414552721478,6.3411866,6.341186554982555,0.20465076,0.20465075585831036
ARM97_qmc,mac,run_e3sm_scm_ARM97_qmc64_0706_046,digitalnetb2,QMCPy DigitalNetB2,20260428,46,digitalnetb2,0.0032754444,0.0032754444146849402,0.0048577974,0.0048577973523212074,0.040625265D0,0.04062526511473092,-3.55724224e-04,-0.00035572422357373003,7.19429220E-06,7.1942921957487945e-06,0.48473659D0,0.4847365925683914,11524.858,11524.858031913896,353.54144,353.54143909240514,1.07259D0,1.07258995702865,0.47333052,0.473330521600692,2.1708883,2.1708883112373147,2.7001362,2.7001361772868884,1.413944D0,1.4139439814317252,0.9766587,0.9766587026963218,3.6031367,3.60313669109977,7.3689193,7.368919252275011,0.29025515,0.29025515140897185
ARM97_qmc,mac,run_e3sm_scm_ARM97_qmc64_0706_047,digitalnetb2,QMCPy DigitalNetB2,20260428,47,digitalnetb2,0.0055611327,0.005561132684479109,0.0028791018,0.00287910178617317,0.060833243D0,0.06083324250322762,-1.26542582e-03,-0.0012654258211299504,1.44422043E-06,1.4442204290170296e-06,0.31849188D0,0.3184918750472084,2007.2352,2007.2351520091768,1170.2392,1170.2391588967962,1.0303778D0,1.0303777952956283,0.19442499,0.19442498884450388,5.6114663,5.611466306760153,1.6488074,1.6488073597902906,0.64339277D0,0.6433927684061479,0.72258757,0.7225875681820196,2.0226294,2.022629420461748,4.8619475,4.861947497580804,0.17403963,0.174039627282814
ARM97_qmc,mac,run_e3sm_scm_ARM97_qmc64_0706_048,digitalnetb2,QMCPy DigitalNetB2,20260428,48,digitalnetb2,0.0013016279,0.001301627937663368,0.0050747766,0.005074776624614863,0.094185198D0,0.09418519843546684,-1.00455327e-03,-0.0010045532703183474,5.33050915E-06,5.330509147777484e-06,0.052376351D0,0.052376350661446365,5264.5179,5264.517916721279,589.21882,589.2188208472094,1.0361435D0,1.0361435495516849,0.17548957,0.17548957454268624,6.8774185,6.877418511099485,2.6635602,2.6635601673273666,0.8996145D0,0.8996145026126869,1.0068158,1.006815795424291,3.4755946,3.475594632787003,3.3870275,3.38702750944118,0.11132994,0.11132994399354758
ARM97_qmc,mac,run_e3sm_scm_ARM97_qmc64_0706_049,digitalnetb2,QMCPy DigitalNetB2,20260428,49,digitalnetb2,0.0038605958,0.0038605957933840122,0.0032865108,0.0032865108212161483,0.034314135D0,0.03431413526461163,-1.57377669e-03,-0.0015737766932721836,2.25314531E-06,2.2531453106707268e-06,0.44472537D0,0.44472536754933395,8482.1385,8482.138455605666,1389.5619,1389.5618673054857,1.0658567D0,1.065856747873951,0.45439969,0.4543996851160571,3.8111145,3.8111145311644936,1.7382082,1.7382082096564113,1.6700742D0,1.6700741755149036,0.69825322,0.6982532226580531,2.900096,2.900096045454253,5.8750991,5.875099079185172,0.27444907,0.27444907384174144
ARM97_qmc,mac,run_e3sm_scm_ARM97_qmc64_0706_050,digitalnetb2,QMCPy DigitalNetB2,20260428,50,digitalnetb2,0.0023180555,0.0023180554867128084,0.0021254006,0.0021254005512531347,0.046083267D0,0.04608326712828456,-1.18397313e-03,-0.001183973131738418,9.66835872E-06,9.668358718120075e-06,0.28844113D0,0.2884411252931601,14049.193,14049.193309697885,616.96914,616.969136399043,1.0063392D0,1.0063392162724334,0.25674315,0.2567431547431661,6.4833937,6.483393725507527,2.2545721,2.2545721149752085,1.3599634D0,1.3599634351323968,0.46774047,0.4677404731361852,4.7139989,4.7139989059205245,7.5231373,7.523137349579714,0.23099555,0.23099554829135796
ARM97_qmc,mac,run_e3sm_scm_ARM97_qmc64_0706_051,digitalnetb2,QMCPy DigitalNetB2,20260428,51,digitalnetb2,0.0053453305,0.00534533046040526,0.0040505327,0.004050532652341119,0.066208237D0,0.06620823655991288,-4.37668862e-04,-0.00043766886234476526,3.84061579E-06,3.840615793268349e-06,0.51482533D0,0.5148253286035847,4629.9118,4629.911802332728,900.38788,900.3878827260693,1.0891275D0,1.0891274554196293,0.38564535,0.38564535352233487,2.7989595,2.7989594563903553,1.3283616,1.3283616033870866,0.60122001D0,0.6012200082035296,0.83433843,0.8343384281712678,1.1616899,1.1616898760657741,5.0203438,5.020343843522394,0.38447039,0.3844703883984453
ARM97_qmc,mac,run_e3sm_scm_ARM97_qmc64_0706_052,digitalnetb2,QMCPy DigitalNetB2,20260428,52,digitalnetb2,0.0018371374,0.0018371373529561129,0.0027939093,0.0027939092998725207,0.070058002D0,0.07005800197933364,-6.25995905e-04,-0.0006259959052688784,7.40594946E-06,7.405949455343195e-06,0.24258604D0,0.24258603541869117,10508.763,10508.763055680225,1203.4016,1203.401581766274,1.0577125D0,1.0577124655364456,0.34407595,0.3440759485556256,4.676558,4.676558020268617,2.9184937,2.918493720209786,1.8461537D0,1.8461537038541198,0.96259949,0.9625994909260891,3.9990877,3.9990877183983886,3.7692706,3.7692705969216083,0.1634008,0.16340080194360046
ARM97_qmc,mac,run_e3sm_scm_ARM97_qmc64_0706_053,digitalnetb2,QMCPy DigitalNetB2,20260428,53,digitalnetb2,0.0045909745,0.0045909745246779776,0.0059688746,0.005968874576822345,0.050162525D0,0.0501625246359466,-1.95306155e-03,-0.0019530615537191862,1.35549367E-06,1.3554936737751739e-06,0.56350149D0,0.5635014890001152,7377.2671,7377.267071094496,445.21946,445.2194641677046,1.0405008D0,1.0405007881868729,0.22298301,0.22298301014800778,7.6117704,7.611770364163707,1.9922832,1.9922831874322564,1.0990386D0,1.0990385589177916,0.31475164,0.3147516432976441,2.3765882,2.3765882448917317,6.2719698,6.271969779952169,0.300894,0.3008940040427722
ARM97_qmc,mac,run_e3sm_scm_ARM97_qmc64_0706_054,digitalnetb2,QMCPy DigitalNetB2,20260428,54,digitalnetb2,0.0030082086,0.0030082086124161625,0.0044941914,0.004494191437796358,0.029448747D0,0.029448746639064462,-1.38547772e-03,-0.0013854777209314933,8.18679729E-06,8.186797288739994e-06,0.16657966D0,0.16657965785867285,2503.6924,2503.6923797530144,1052.7343,1052.7343018904821,1.087114D0,1.0871139549159041,0.41282723,0.4128272313467112,2.6888261,2.6888261275378844,2.0149966,2.0149965631301736,0.80050674D0,0.8005067354506741,0.61909413,0.6190941265093193,4.1906132,4.190613168274378,7.1241102,7.124110171567674,0.19430575,0.19430574863480743
ARM97_qmc,mac,run_e3sm_scm_ARM97_qmc64_0706_055,digitalnetb2,QMCPy DigitalNetB2,20260428,55,digitalnetb2,0.0059187387,0.005918738664965998,0.0014557968,0.0014557968090203321,0.089559068D0,0.08955906774788121,-2.35492919e-04,-0.0002354929190341614,4.14467805E-06,4.144678053410874e-06,0.32689742D0,0.3268974249875466,12033.732,12033.731848917925,794.81439,794.8143872031296,1.0168273D0,1.0168272604784874,0.14173248,0.1417324787457992,5.0058167,5.005816674569788,1.0896446,1.0896445670439812,1.5359056D0,1.5359056345010706,1.0964068,1.0964068064726535,1.6850609,1.6850608839685353,4.6359848,4.635984809636482,0.34030098,0.3403009762066165
ARM97_qmc,mac,run_e3sm_scm_ARM97_qmc64_0706_056,digitalnetb2,QMCPy DigitalNetB2,20260428,56,digitalnetb2,0.0014089965,0.0014089965281661614,0.0011718041,0.0011718041391250264,0.037088633D0,0.03708863282884908,-5.09037592e-04,-0.0005090375921158498,9.67383408E-07,9.673834083208374e-07,0.1423647D0,0.14236469894165987,13348.644,13348.644182737342,731.55059,731.5505949109547,1.00383D0,1.0038299849526677,0.44981862,0.4498186161690808,6.5371802,6.537180208653499,2.7899744,2.7899744281660843,0.55123838D0,0.5512383757115992,0.67595952,0.67595952187183,1.9875296,1.9875296445935495,7.9791655,7.979165475420951,0.35572673,0.35572672964249996
ARM97_qmc,mac,run_e3sm_scm_ARM97_qmc64_0706_057,digitalnetb2,QMCPy DigitalNetB2,20260428,57,digitalnetb2,0.0036946894,0.0036946894137369355,0.0043882879,0.00438828792349807,0.096881876D0,0.09688187618421679,-1.11258719e-03,-0.00111258718721991,6.49508207E-06,6.495082071437616e-06,0.38593638D0,0.3859363820339852,3917.1541,3917.1541153096146,982.1686,982.1686037791684,1.0991683D0,1.099168285322077,0.12091461,0.12091460529298093,4.1747675,4.17476745096979,1.8715802,1.8715802007680455,1.3158405D0,1.315840460122778,1.040858,1.040858007378005,4.3882235,4.388223529059431,5.4617236,5.4617235677972324,0.18356791,0.18356791319280621
ARM97_qmc,mac,run_e3sm_scm_ARM97_qmc64_0706_058,digitalnetb2,QMCPy DigitalNetB2,20260428,58,digitalnetb2,0.0027381071,0.0027381071007087114,0.0054132945,0.005413294535456629,0.062730599D0,0.06273059908635664,-1.73981963e-03,-0.001739819628837129,5.01386980E-06,5.013869796766349e-06,0.19848741D0,0.19848740793191494,5940.363,5940.3630432757545,506.92516,506.9251561272455,1.0271293D0,1.0271293027393882,0.31857115,0.31857114767839156,6.0963371,6.096337107122072,2.135978,2.1359780133842845,1.8024678D0,1.8024677535722209,0.79320658,0.7932065828045824,2.2022485,2.202248459896296,3.2084042,3.2084041512756696,0.32072966,0.3207296577845726
ARM97_qmc,mac,run_e3sm_scm_ARM97_qmc64_0706_059,digitalnetb2,QMCPy DigitalNetB2,20260428,59,digitalnetb2,0.0048667817,0.004866781737432862,0.0023333725,0.00233337245390405,0.042527199D0,0.042527199486514,-8.38583719e-04,-0.0008385837190936869,8.39363689E-06,8.393636886329457e-06,0.57364894D0,0.5736489373542485,9170.3844,9170.384397097569,1274.468,1274.4679618956043,1.0692926D0,1.0692926172156916,0.23966285,0.23966284901586998,3.2094765,3.2094764685896413,1.2184347,1.218434711904046,1.0495812D0,1.0495811997447455,0.48282786,0.48282786127397304,3.6735028,3.6735028176179148,5.7013586,5.701358569763629,0.1388769,0.13887690390524765
ARM97_qmc,mac,run_e3sm_scm_ARM97_qmc64_0706_060,digitalnetb2,QMCPy DigitalNetB2,20260428,60,digitalnetb2,0.0019641424,0.001964142421376097,0.0035721807,0.0035721807044751712,0.058715831D0,0.05871583139057168,-1.60371576e-04,-0.0001603715760850595,2.45461726E-06,2.454617256794992e-06,0.29550217D0,0.2955021658261565,3187.5167,3187.5167035398126,1101.6949,1101.6948880954476,1.0777214D0,1.0777213855051775,0.28051208,0.28051207797643385,4.3378303,4.337830342176846,2.5342818,2.534281750645074,1.491415D0,1.4914150179470176,0.41081503,0.41081502856201774,1.4796463,1.479646307181645,6.9523917,6.952391733867084,0.36898807,0.3689880660918765
ARM97_qmc,mac,run_e3sm_scm_ARM97_qmc64_0706_061,digitalnetb2,QMCPy DigitalNetB2,20260428,61,digitalnetb2,0.0043662549,0.004366254861234676,0.0017424351,0.001742435132742773,0.078533489D0,0.078533488917307,-1.46053293e-03,-0.0014605329274932,6.20534898E-06,6.2053489750012765e-06,0.47300745D0,0.47300744500750397,12705.155,12705.155351899963,810.96623,810.9662309370771,1.0198846D0,1.019884616481158,0.35161112,0.3516111220416054,7.9739127,7.973912659702123,1.6167385,1.6167384689572593,0.75016032D0,0.7501603224535549,0.88994386,0.8899438574992711,4.8960911,4.896091078752784,4.4593835,4.459383521173983,0.24179111,0.24179111489447908
ARM97_qmc,mac,run_e3sm_scm_ARM97_qmc64_0706_062,digitalnetb2,QMCPy DigitalNetB2,20260428,62,digitalnetb2,0.003447533,0.0034475330414924475,0.0030810051,0.0030810050956475883,0.081865122D0,0.08186512227604842,-1.79077123e-03,-0.0017907712311114776,2.93308733E-06,2.933087331992682e-06,0.11369606D0,0.11369605979021763,9800.427,9800.426992240924,1186.7368,1186.736790515025,1.0540192D0,1.0540192475557486,0.16176689,0.1617668890137357,2.3031886,2.3031885806855756,2.3757634,2.3757633734616603,1.2486405D0,1.2486404757193486,1.1762688,1.1762687661684994,2.7099939,2.7099939317648367,4.2129007,4.212900675524779,0.25458759,0.254587589344364
ARM97_qmc,mac,run_e3sm_scm_ARM97_qmc64_0706_063,digitalnetb2,QMCPy DigitalNetB2,20260428,63,digitalnetb2,0.0053816637,0.005381663729070187,0.0050476271,0.00504762709320226,0.021676371D0,0.021676371000181497,-7.88296195e-04,-0.0007882961946719916,9.27720808E-06,9.27720808225089e-06,0.41742399D0,0.41742399261154345,6681.1396,6681.139561850436,395.74644,395.7464350374426,1.0493574D0,1.049357440687752,0.48285554,0.48285553577064844,5.4149146,5.414914615148596,1.4573692,1.4573691858758426,1.9781796D0,1.978179640541562,0.53012039,0.5301203878594145,3.1657415,3.165741543006198,6.7302483,6.730248257483064,0.13587851,0.135878510497043
